{
    "$schema": "https://schema.management.azure.com/schemas/2015-01-01/deploymentParameters.json#",
    "contentVersion": "1.0.0.0",
    "parameters": {
        "factoryName": {
            "value": "ADF-CG-001"
        },
        "AzureDataLakeStorage1_accountKey": {
            "value": ""
        },
        "AzureSqlDatabase1_connectionString": {
            "value": ""
        },
        "AzureDataLakeStorage1_properties_typeProperties_url": {
            "value": "https://cgstorageaccount001.dfs.core.windows.net/"
        },
        "containerUri": {
            "value": ""
        },
        "containerSasToken": {
            "value": ""
        }
    }
}