{
    "$schema": "http://schema.management.azure.com/schemas/2015-01-01/deploymentTemplate.json#",
    "contentVersion": "1.0.0.0",
    "parameters": {
        "factoryName": {
            "type": "string",
            "metadata": "Data Factory name",
            "defaultValue": "ADF-CG-001"
        },
        "AzureDataLakeStorage1_accountKey": {
            "type": "secureString",
            "metadata": "Secure string for 'accountKey' of 'AzureDataLakeStorage1'"
        },
        "AzureSqlDatabase1_connectionString": {
            "type": "secureString",
            "metadata": "Secure string for 'connectionString' of 'AzureSqlDatabase1'"
        },
        "AzureDataLakeStorage1_properties_typeProperties_url": {
            "type": "string",
            "defaultValue": "https://cgstorageaccount001.dfs.core.windows.net/"
        }
    },
    "variables": {
        "factoryId": "[concat('Microsoft.DataFactory/factories/', parameters('factoryName'))]"
    },
    "resources": [
        {
            "name": "[concat(parameters('factoryName'), '/AzureDataLakeStorage1')]",
            "type": "Microsoft.DataFactory/factories/linkedServices",
            "apiVersion": "2018-06-01",
            "properties": {
                "annotations": [],
                "type": "AzureBlobFS",
                "typeProperties": {
                    "url": "[parameters('AzureDataLakeStorage1_properties_typeProperties_url')]",
                    "accountKey": {
                        "type": "SecureString",
                        "value": "[parameters('AzureDataLakeStorage1_accountKey')]"
                    }
                }
            },
            "dependsOn": []
        },
        {
            "name": "[concat(parameters('factoryName'), '/AzureSqlDatabase1')]",
            "type": "Microsoft.DataFactory/factories/linkedServices",
            "apiVersion": "2018-06-01",
            "properties": {
                "annotations": [],
                "type": "AzureSqlDatabase",
                "typeProperties": {
                    "connectionString": "[parameters('AzureSqlDatabase1_connectionString')]"
                }
            },
            "dependsOn": []
        },
        {
            "name": "[concat(parameters('factoryName'), '/text')]",
            "type": "Microsoft.DataFactory/factories/datasets",
            "apiVersion": "2018-06-01",
            "properties": {
                "linkedServiceName": {
                    "referenceName": "AzureDataLakeStorage1",
                    "type": "LinkedServiceReference"
                },
                "annotations": [],
                "type": "Binary",
                "typeProperties": {
                    "location": {
                        "type": "AzureBlobFSLocation",
                        "folderPath": "input",
                        "fileSystem": "root"
                    }
                }
            },
            "dependsOn": [
                "[concat(variables('factoryId'), '/linkedServices/AzureDataLakeStorage1')]"
            ]
        },
        {
            "name": "[concat(parameters('factoryName'), '/text2')]",
            "type": "Microsoft.DataFactory/factories/datasets",
            "apiVersion": "2018-06-01",
            "properties": {
                "linkedServiceName": {
                    "referenceName": "AzureDataLakeStorage1",
                    "type": "LinkedServiceReference"
                },
                "annotations": [],
                "type": "Binary",
                "typeProperties": {
                    "location": {
                        "type": "AzureBlobFSLocation",
                        "folderPath": "output",
                        "fileSystem": "root"
                    }
                }
            },
            "dependsOn": [
                "[concat(variables('factoryId'), '/linkedServices/AzureDataLakeStorage1')]"
            ]
        },
        {
            "name": "[concat(parameters('factoryName'), '/AzureSqlTable1')]",
            "type": "Microsoft.DataFactory/factories/datasets",
            "apiVersion": "2018-06-01",
            "properties": {
                "linkedServiceName": {
                    "referenceName": "AzureSqlDatabase1",
                    "type": "LinkedServiceReference"
                },
                "annotations": [],
                "type": "AzureSqlTable",
                "schema": [
                    {
                        "name": "EmpID",
                        "type": "int",
                        "precision": 10
                    },
                    {
                        "name": "EmpName",
                        "type": "varchar"
                    },
                    {
                        "name": "Designation",
                        "type": "varchar"
                    },
                    {
                        "name": "Department",
                        "type": "varchar"
                    },
                    {
                        "name": "JoiningDate",
                        "type": "datetime",
                        "precision": 23,
                        "scale": 3
                    }
                ],
                "typeProperties": {
                    "schema": "dbo",
                    "table": "EmployeeDetails"
                }
            },
            "dependsOn": [
                "[concat(variables('factoryId'), '/linkedServices/AzureSqlDatabase1')]"
            ]
        },
        {
            "name": "[concat(parameters('factoryName'), '/dataflow1')]",
            "type": "Microsoft.DataFactory/factories/dataflows",
            "apiVersion": "2018-06-01",
            "properties": {
                "type": "MappingDataFlow",
                "typeProperties": {
                    "sources": [
                        {
                            "dataset": {
                                "referenceName": "AzureSqlTable1",
                                "type": "DatasetReference"
                            },
                            "name": "source1"
                        }
                    ],
                    "sinks": [
                        {
                            "dataset": {
                                "referenceName": "AzureSqlTable1",
                                "type": "DatasetReference"
                            },
                            "name": "sink1"
                        }
                    ],
                    "transformations": [
                        {
                            "name": "derivedColumn1"
                        },
                        {
                            "name": "surrogateKey1"
                        }
                    ],
                    "scriptLines": [
                        "source(output(",
                        "          EmpID as integer,",
                        "          EmpName as string,",
                        "          Designation as string,",
                        "          Department as string,",
                        "          JoiningDate as timestamp",
                        "     ),",
                        "     allowSchemaDrift: true,",
                        "     validateSchema: false,",
                        "     isolationLevel: 'READ_UNCOMMITTED',",
                        "     format: 'table') ~> source1",
                        "source1 derive(salary = EmpID*EmpID*1000) ~> derivedColumn1",
                        "derivedColumn1 keyGenerate(output({SR key} as long),",
                        "     startAt: 1L,",
                        "     stepValue: 1L) ~> surrogateKey1",
                        "surrogateKey1 sink(allowSchemaDrift: true,",
                        "     validateSchema: true,",
                        "     input(",
                        "          EmpID as integer,",
                        "          EmpName as string,",
                        "          Designation as string,",
                        "          Department as string,",
                        "          JoiningDate as timestamp",
                        "     ),",
                        "     deletable:false,",
                        "     insertable:true,",
                        "     updateable:false,",
                        "     upsertable:false,",
                        "     format: 'table',",
                        "     skipDuplicateMapInputs: true,",
                        "     skipDuplicateMapOutputs: true,",
                        "     saveOrder: 1,",
                        "     errorHandlingOption: 'stopOnFirstError') ~> sink1"
                    ]
                }
            },
            "dependsOn": [
                "[concat(variables('factoryId'), '/datasets/AzureSqlTable1')]"
            ]
        },
        {
            "name": "[concat(parameters('factoryName'), '/CD_adls_adls')]",
            "type": "Microsoft.DataFactory/factories/pipelines",
            "apiVersion": "2018-06-01",
            "properties": {
                "activities": [
                    {
                        "name": "Get Metadata1",
                        "type": "GetMetadata",
                        "dependsOn": [],
                        "policy": {
                            "timeout": "7.00:00:00",
                            "retry": 0,
                            "retryIntervalInSeconds": 30,
                            "secureOutput": false,
                            "secureInput": false
                        },
                        "userProperties": [],
                        "typeProperties": {
                            "dataset": {
                                "referenceName": "text",
                                "type": "DatasetReference",
                                "parameters": {}
                            },
                            "fieldList": [
                                "childItems"
                            ],
                            "storeSettings": {
                                "type": "AzureBlobFSReadSettings",
                                "recursive": true,
                                "modifiedDatetimeStart": {
                                    "value": "@startOfDay(addDays(utcNow(), 0))",
                                    "type": "Expression"
                                },
                                "modifiedDatetimeEnd": {
                                    "value": "@startOfDay(addDays(utcNow(),1))",
                                    "type": "Expression"
                                },
                                "enablePartitionDiscovery": false
                            },
                            "formatSettings": {
                                "type": "BinaryReadSettings"
                            }
                        }
                    },
                    {
                        "name": "ForEach1",
                        "type": "ForEach",
                        "dependsOn": [
                            {
                                "activity": "Get Metadata1",
                                "dependencyConditions": [
                                    "Succeeded"
                                ]
                            }
                        ],
                        "userProperties": [],
                        "typeProperties": {
                            "items": {
                                "value": "@activity('Get Metadata1').output.childItems",
                                "type": "Expression"
                            },
                            "activities": [
                                {
                                    "name": "Copy data1",
                                    "type": "Copy",
                                    "dependsOn": [],
                                    "policy": {
                                        "timeout": "7.00:00:00",
                                        "retry": 0,
                                        "retryIntervalInSeconds": 30,
                                        "secureOutput": false,
                                        "secureInput": false
                                    },
                                    "userProperties": [],
                                    "typeProperties": {
                                        "source": {
                                            "type": "BinarySource",
                                            "storeSettings": {
                                                "type": "AzureBlobFSReadSettings",
                                                "recursive": true
                                            },
                                            "formatSettings": {
                                                "type": "BinaryReadSettings"
                                            }
                                        },
                                        "sink": {
                                            "type": "BinarySink",
                                            "storeSettings": {
                                                "type": "AzureBlobFSWriteSettings"
                                            }
                                        },
                                        "enableStaging": false
                                    },
                                    "inputs": [
                                        {
                                            "referenceName": "text",
                                            "type": "DatasetReference",
                                            "parameters": {}
                                        }
                                    ],
                                    "outputs": [
                                        {
                                            "referenceName": "text2",
                                            "type": "DatasetReference",
                                            "parameters": {}
                                        }
                                    ]
                                }
                            ]
                        }
                    },
                    {
                        "name": "Delete1",
                        "type": "Delete",
                        "dependsOn": [
                            {
                                "activity": "ForEach1",
                                "dependencyConditions": [
                                    "Succeeded"
                                ]
                            }
                        ],
                        "policy": {
                            "timeout": "7.00:00:00",
                            "retry": 0,
                            "retryIntervalInSeconds": 30,
                            "secureOutput": false,
                            "secureInput": false
                        },
                        "userProperties": [],
                        "typeProperties": {
                            "dataset": {
                                "referenceName": "text2",
                                "type": "DatasetReference",
                                "parameters": {}
                            },
                            "logStorageSettings": {
                                "linkedServiceName": {
                                    "referenceName": "AzureDataLakeStorage1",
                                    "type": "LinkedServiceReference"
                                },
                                "path": ""
                            },
                            "enableLogging": true,
                            "storeSettings": {
                                "type": "AzureBlobFSReadSettings",
                                "fileListPath": "root/output",
                                "enablePartitionDiscovery": false
                            }
                        }
                    }
                ],
                "policy": {
                    "elapsedTimeMetric": {},
                    "cancelAfter": {}
                },
                "annotations": [],
                "lastPublishTime": "2022-06-13T14:47:53Z"
            },
            "dependsOn": [
                "[concat(variables('factoryId'), '/datasets/text')]",
                "[concat(variables('factoryId'), '/datasets/text2')]",
                "[concat(variables('factoryId'), '/linkedServices/AzureDataLakeStorage1')]"
            ]
        }
    ]
}